{"initial_reset_timestamp": 1520715384.8754592, "episode_types": ["t"], "timestamps": [1520715390.9422107], "episode_lengths": [84], "episode_rewards": [-84.0]}