{"initial_reset_timestamp": 1520714914.2852423, "episode_rewards": [10.0], "episode_lengths": [10], "timestamps": [1520714915.4573658], "episode_types": ["t"]}