{"initial_reset_timestamp": 1520714053.1748567, "episode_types": ["t"], "episode_rewards": [18.0], "episode_lengths": [18], "timestamps": [1520714054.8261232]}