{"episode_rewards": [10.0], "episode_lengths": [10], "episode_types": ["t"], "initial_reset_timestamp": 1520714202.272308, "timestamps": [1520714203.397838]}