{"timestamps": [1520714230.2655413], "episode_types": ["t"], "episode_lengths": [10], "initial_reset_timestamp": 1520714229.1784675, "episode_rewards": [10.0]}