{"episode_types": ["t"], "initial_reset_timestamp": 1520714067.4710689, "episode_lengths": [34], "timestamps": [1520714070.1938577], "episode_rewards": [34.0]}