{"episode_types": ["t"], "episode_lengths": [10], "initial_reset_timestamp": 1520714998.4962707, "timestamps": [1520714999.6928601], "episode_rewards": [10.0]}