{"episode_rewards": [10.0], "timestamps": [1520715017.5943916], "episode_types": ["t"], "initial_reset_timestamp": 1520715016.340765, "episode_lengths": [10]}