{"timestamps": [1520714174.2975047], "episode_rewards": [26.0], "episode_lengths": [26], "episode_types": ["t"], "initial_reset_timestamp": 1520714172.1085114}