{"initial_reset_timestamp": 1520714217.1332774, "timestamps": [1520714218.265599], "episode_rewards": [10.0], "episode_lengths": [10], "episode_types": ["t"]}